1,https://boxil.jp/beyond/a6976/,PC操作
2,https://slack.com/intl/ja-jp/help/articles/201374536-Slack-%E3%81%AE%E3%82%AD%E3%83%BC%E3%83%9C%E3%83%BC%E3%83%89%E3%82%B7%E3%83%A7%E3%83%BC%E3%83%88%E3%82%AB%E3%83%83%E3%83%88,PC操作
3,https://linuxfan.info/bash-completion,PC操作
4,https://www.softbank.jp/support/faq/view/11444,PC操作
5,https://support.apple.com/ja-jp/guide/mac-help/mh26782/mac,PC操作
6,https://qiita.com/yukiji/items/7b5e88c9da7b6f658de5,PC操作
7,https://qiita.com/13-nonono/items/1ee1442789b0e90128b3?utm_campaign=popular_items&utm_medium=feed&utm_source=popular_items,PC操作
8,https://wa3.i-3-i.info/word11.html,Network
9,https://www.itra.co.jp/webmedia/static-dynamic-difference.html,Web
10,https://eng-entrance.com/you_can_do_linux,Linux
11,https://qiita.com/mogulla3/items/efb4c9328d82d24d98e6,Network
12,https://qiita.com/cironaga/items/6a0c909e31f986c9f825,Network
13,https://www.sejuku.net/blog/2643,Linux
14,https://design-plus1.com/tcd-w/2019/12/cui-gui.html,Linux
15,https://eng-entrance.com/linux-centos-ubuntu,Linux
16,https://qiita.com/chihiro/items/6e1404c41e1236a9efe1,Linux
17,https://hnavi.co.jp/knowledge/blog/web-application-server/,Web
18,https://eng-entrance.com/what-is-centos,Linux
19,https://techacademy.jp/magazine/8801,プログラミング
20,https://qiita.com/melty_go/items/113a8ecb09e1f991d98b,プログラミング
21,https://koneta.nifty.com/koneta_detail/141009000021_1.htm,Linux
22,https://qiita.com/zd6ir7/items/2cb39f55f3b15af79f6f,Linux
23,https://www.infraexpert.com/study/networking3.html,Network
24,https://wa3.i-3-i.info/word171.html,Network
25,https://www.infraexpert.com/study/tcpip9.html,Network
26,https://wa3.i-3-i.info/diff61tcpudp.html,Network
27,https://wa3.i-3-i.info/word11993.html,Network
28,https://wa3.i-3-i.info/word11975.html,Network
29,https://wa3.i-3-i.info/word11989.html,Network
30,https://www.ntt.com/bizon/glossary/j-h/fukuso.html,Network
31,https://qiita.com/tamago3keran/items/6864cb490e3c0bfc2b92,Network
32,https://digitalidentity.co.jp/blog/creative/responsive-web-design.html,Network
33,https://www.seraku.co.jp/tectec-note/industry/network-layer/,Network
34,https://eng-entrance.com/network-port,Network
35,https://wa3.i-3-i.info/word1288.html,Network
36,https://www.kagoya.jp/howto/rentalserver/dns-server/,Network
37,https://blog.katsubemakito.net/linux/terminal-shortcut,Linux
38,https://proengineer.internous.co.jp/content/columnfeature/5229,Linux
39,https://codelearn.jp/articles/linus-torvalds,Linux
40,https://qiita.com/hirokidaichi/items/27c757d92b6915e8ecf7,プログラミング
41,https://www.itbook.info/network/dns1.html,Network
42,https://eng-entrance.com/linux-user-show,Linux
43,https://eng-entrance.com/linux-user-del,Linux
44,https://www.cman.jp/network/term/ssl/,Network
45,https://eng-entrance.com/linux-user-home,Linux
46,https://www.nic.ad.jp/ja/newsletter/No51/0800.html,Network
47,https://www.geekly.co.jp/column/cat-technology/1903_021/,Linux
48,https://qiita.com/munazo/items/455b30d5cc141699ca23,Linux
49,https://eng-entrance.com/unix_linux,Linux
50,https://www.sbbit.jp/article/cont1/37677,Network
51,https://proengineer.internous.co.jp/content/columnfeature/15251,Web
52,https://web.archive.org/web/20201207122014/https://www.yamatofinancial.jp/learning/know-how/what-is-responsive-web-design.html,Web
53,https://wa3.i-3-i.info/word11862.html,Web
54,https://qiita.com/mogulla3/items/efb4c9328d82d24d98e6,Network
55,https://cybersecurity-jp.com/column/27759,Web
56,https://www.atmarkit.co.jp/fsecurity/special/13honey/honey01.html,Web
57,https://qiita.com/Qiita/items/c686397e4a0f4f11683d,プログラミング
58,https://yoru9zine.hatenablog.com/entry/2015/12/19/072304,Network
59,https://wa3.i-3-i.info/word12032.html,Network
60,https://anagrams.jp/blog/google-apps-script/,プログラミング
61,https://eng-entrance.com/linux-storage,Linux
62,https://qiita.com/kiyodori/items/a37cfc23f068a5c16b2c,Linux
63,https://eng-entrance.com/linux_beginner_distribution,Linux
64,https://qiita.com/1ain2/items/194a9372798eaef6c5ab,Network
65,https://qiita.com/tasakii/items/60a3696ec7b86111884d,Network
66,https://wa3.i-3-i.info/word174.html,Network
67,https://qiita.com/richmikan@github/items/cc4494359b1ac2f72311,Linux
68,https://eng-entrance.com/linux-command-ifconfig,Linux
69,http://wild-data-chase.com/index.php/2019/03/17/post-630/,Network
70,https://qiita.com/7968/items/4bf4d6f28284146c288f,Web
71,https://qiita.com/unsoluble_sugar/items/b080a16701946fcfce70,Web
72,https://magidropack.hatenablog.com/entry/2018/11/14/200901,Linux
73,https://www.itmedia.co.jp/news/articles/2101/13/news044.html,Linux
74,https://wa3.i-3-i.info/word12498.html,Network
75,"https://www.school.ctc-g.co.jp/sse/columns/ozawa2/ozawa201.html#:~:text=%E3%81%95%E3%81%A6%E3%80%81%E3%81%93%E3%81%AEDNS%E3%80%8C8.8.,%E5%B9%B4%E3%81%AE%E3%81%93%E3%81%A8%E3%81%A7%E3%81%97%E3%81%9F%E3%80%82",Network
76,https://www.kagoya.jp/howto/rentalserver/gpu1/,Linux
77,https://www.itbook.info/study/nat6.html,Network
78,https://oshiete.goo.ne.jp/qa/1160017.html,Network
79,https://atcoder.jp/contests/abc184/tasks/abc184_a,プログラミング
80,https://hnavi.co.jp/knowledge/blog/sier/,Web
81,https://www.infraexpert.com/study/tcpip9.html,Network
82,https://milestone-of-se.nesuke.com/nw-basic/ip/icmp/,Network
83,https://qiita.com/inagacky/items/43cc0518ef11f1e4beb3,Web
84,https://dividable.net/programming/python/python-web-aplication-development,Web
85,https://www.it-career-navi.com/entry/about-sier,Web
86,https://qiita.com/KKKeisuke/items/42c063ff0917a8b6907f,Web
87,https://www.elite-network.co.jp/dictionary/ses.html,Web
88,https://www.network-engineer.info/protocol/tcp/,Network
89,https://www.modis.jp/staffing/insight/column_30/,Web
90,https://unistyleinc.com/techniques/993,Web
91,https://qiita.com/sasdos_engee/items/950aa4c476bbb26e8482,Web
92,https://mobile.line.me/guide/article/0086.html,Web
93,https://eng-entrance.com/programming-os,Linux
94,https://www.kagoya.jp/howto/rentalserver/nginx/,Web
95,https://webkaru.net/linux/apt-get-command/,Linux
96,"https://eh-career.com/engineerhub/entry/2019/11/07/103000#:~:text=%E3%83%9A%E3%82%A2%E3%83%97%E3%83%AD%E3%82%B0%E3%83%A9%E3%83%9F%E3%83%B3%E3%82%B0%EF%BC%88%E4%BB%A5%E4%B8%8B%E3%80%81%E3%83%9A%E3%82%A2%E3%83%97%E3%83%AD%EF%BC%89,%E5%B0%8E%E5%85%A5%E3%82%92%E9%80%B2%E3%82%81%E3%81%A6%E3%81%84%E3%81%BE%E3%81%99%E3%80%82",プログラミング
97,https://qiita.com/kooohei/items/9e3859e3d1d854c3d163,Network
98,https://data.wingarc.com/what-is-api-16084,Web
99,https://www.pasonatech.co.jp/workstyle/column/detail.html?p=2505,プログラミング
100,https://www.businessinsider.jp/post-107636,Web
101,http://e-words.jp/w/%E3%83%9D%E3%83%AA%E3%82%B7%E3%83%BC.html,Network
102,https://biz.teachme.jp/blog/deepl_translation/,PC操作
103,"https://qiita.com/toryuneko/items/c023031b61886cae2a99#:~:text=%E5%8D%98%E7%B4%94%E3%81%AA%E8%80%83%E3%81%88%E6%96%B9%E3%81%A8%E3%81%97%E3%81%A6%E3%81%AF,%E7%9A%84%E5%9E%8B%E4%BB%98%E3%81%91%E3%81%A8%E3%81%84%E3%81%84%E3%81%BE%E3%81%99%E3%80%82",プログラミング
104,https://qiita.com/KantaSunaga/items/1831590b913218e59c32,Network
105,https://tech.mktime.com/entry/211,Network
106,https://qiita.com/umaibou1126/items/aca7f194e2829fc1c579,Web
107,https://ascii.jp/elem/000/000/451/451629/,Network
108,https://qiita.com/tofu511/items/3ecf9c5361d08b5c6eae,Linux
109,https://qiita.com/fuwamaki/items/eff92f128900a6165953,PC操作
110,https://qiita.com/hisamura333/items/e3ea6ae549eb09b7efb9,Web
111,https://www.atmarkit.co.jp/ait/articles/1702/24/news016.html,Linux
112,https://qiita.com/zaburo/items/29fe23c1ceb6056109fd,Linux
113,https://qiita.com/akito/items/d09a2d5b36d4cf7bac6d,Linux
114,https://time-space.kddi.com/ict-keywords/20191210/2798,Web
115,https://www.seraku.co.jp/tectec-note/industry/network-layer/,Network
116,https://webtan.impress.co.jp/e/2009/03/27/4952,Web
117,https://qiita.com/kanga/items/979b0bdc4653e025483a,Network
118,https://qiita.com/motoki1990/items/376fc1d1f3d59c960f5c,プログラミング
119,https://qiita.com/megadreams14/items/32a3eed4661e55419e1c,Network
120,https://qiita.com/takahiro_tnk/items/c500a4d915562cca28e7,Network
121,https://qiita.com/shisama/items/5f4c4fa768642aad9e06,Linux
122,https://www.sejuku.net/blog/9598,プログラミング
123,https://qiita.com/JpnLavender/items/fabcc79b4ab0d52e1f6d,Linux
124,"https://qiita.com/HotAllure/items/ca5462b33d8b0a14631f#:~:text=random%E9%96%A2%E6%95%B0%E3%81%A7%E7%94%9F%E6%88%90%E3%81%99%E3%82%8B,%E6%93%AC%E4%BC%BC%E4%B9%B1%E6%95%B0%E3%81%AA%E3%81%AE%E3%81%A0%E3%81%A8%E3%81%8B%E3%80%82&text=%E3%81%9D%E3%82%82%E3%81%9D%E3%82%82%E6%93%AC%E4%BC%BC%E4%B9%B1%E6%95%B0%E3%81%A8%E3%81%AF,%E3%82%B7%E3%83%BC%E3%83%89%E3%81%A0%E3%80%81%E3%81%A8%E3%81%84%E3%81%86%E3%81%93%E3%81%A8%E3%81%A7%E3%81%99%E3%80%82",プログラミング
125,https://cybersecurity-jp.com/column/22145,Network
126,https://qiita.com/ytabuchi/items/02fa15ac209823a4d19f,Web
127,https://www.atmarkit.co.jp/ait/articles/1611/09/news020.html,Linux
128,https://qiita.com/shisama/items/5f4c4fa768642aad9e06,Linux
129,https://www.atmarkit.co.jp/ait/articles/1611/14/news021.html,Linux
130,https://qiita.com/hisamura333/items/e3ea6ae549eb09b7efb9,Web
131,https://eng-entrance.com/linux-command-crontab,Linux
132,https://qiita.com/soarflat/items/2b50c1efe2ea54a762d7,プログラミング
133,https://www.atmarkit.co.jp/ait/articles/1611/16/news022.html,Linux
134,https://qiita.com/tamago3keran/items/dce288a5aa47787f313c,Web
135,https://www.kagoya.jp/howto/network/cdn/,Network
136,https://qiita.com/shoot16625/items/9eefc6e81b3cf209729b,プログラミング
137,https://qiita.com/nightyknite/items/b2590a69f2e0135756dc,Web
138,https://www.topgate.co.jp/aws-azure-gcp,Web
139,https://wa3.i-3-i.info/word1752.html,Network
140,"https://www.rworks.jp/system/system-column/sys-entry/21683/#:~:text=%E3%82%AA%E3%83%BC%E3%83%88%E3%82%B9%E3%82%B1%E3%83%BC%E3%83%AB%E3%81%AF%E3%80%81%E7%AA%81%E7%99%BA%E7%9A%84,%E3%81%AB%E3%82%82%E3%81%A4%E3%81%AA%E3%81%8C%E3%82%8B%E3%81%A7%E3%81%97%E3%82%87%E3%81%86%E3%80%82",Web
141,"https://www.itra.co.jp/webmedia/server_scale.html#:~:text=%E3%82%B9%E3%82%B1%E3%83%BC%E3%83%AB%E3%82%A2%E3%83%83%E3%83%97%E3%81%A8%E3%81%AF%E3%80%81%E3%82%B5%E3%83%BC%E3%83%90%E3%83%BC,%E3%82%92%E4%B8%8A%E3%81%92%E3%82%8B%E3%81%A8%E3%81%84%E3%81%86%E6%84%8F%E5%91%B3%E3%81%A7%E3%81%99%E3%80%82",Web
142,https://qiita.com/amuyikam/items/0063df223aed40193ba9,Network
143,https://qiita.com/developer-kikikaikai/items/3fd1277a9a5778000638,Web
144,https://qiita.com/tadsan/items/441dcd910537d3f408e5,Linux
145,https://cybersecurity-jp.com/security-measures/18427,Web
146,https://xtech.nikkei.com/it/article/COLUMN/20071210/289107/,Network
147,https://qiita.com/yuta-38/items/5d8bb6421495113e1602,Web
148,https://eng-entrance.com/linux-user-show,Linux
149,https://qiita.com/k0kubun/items/7368c323d90f24a00c2f,Linux
150,https://mypocket.ntt.com/column/what-is-cloud-computing.html,Web
151,https://qiita.com/sinsengumi/items/24d726ec6c761fc75cc9,Linux
152,https://qiita.com/hirofumikubo/items/91f014eed5733857037f,Network
153,https://www.geekly.co.jp/column/cat-technology/1911_040/,Web
154,https://qiita.com/iedred7584/items/2bb0d4f7424857eb9f4c,Network
155,https://www.atmarkit.co.jp/aig/06network/routingtable.html,Network
156,https://www.n-study.com/security-fundamentals/threats-and-countermeasures/,Network
157,https://qiita.com/toryuneko/items/c023031b61886cae2a99,プログラミング
158,https://qiita.com/savaniased/items/10809e06de05517cbbe8,Linux
159,https://www.n-study.com/security-fundamentals/authentication-overview/,Network
160,https://qiita.com/toshihirock/items/1ff01a51570bf6ca4f59,Linux
161,https://wa3.i-3-i.info/word13649.html,Linux
162,https://www.atmarkit.co.jp/ait/articles/0401/01/news049.html,Network
163,https://wa3.i-3-i.info/word17.html,Network
164,https://qiita.com/kento_gm/items/34c46a9bc6b3017c9345,プログラミング
165,https://knowledge.sakura.ad.jp/6286/,Network
166,https://qiita.com/tomoyk/items/31fff62a29cb8e8813cf,Network
167,https://qiita.com/hana_shin/items/0d997d9d9dd435727edf,Network
168,https://qiita.com/toshihirock/items/acbf9800f7e784118e46,Network
169,https://qiita.com/os1ma/items/7a229585ebdd8b7d86c2,Web
170,https://qiita.com/Kernel_OGSun/items/bdccbe8bc4092f33b43e,Linux
171,https://wa3.i-3-i.info/word14886.html,プログラミング
172,https://www.jbsvc.co.jp/useful/security/what-is-waf.html,Network
173,https://qiita.com/niisan-tokyo/items/156eb35c6eeaf07b9b65,Web
174,https://www.atmarkit.co.jp/ait/articles/1611/28/news036.html,Linux
175,https://www.nic.ad.jp/ja/dom/system.html,Network
176,https://blog.sixapart.jp/2014-03/mttips-02-what-is-git.html,Web
177,https://backlog.com/ja/git-tutorial/intro/02/,Web
178,https://qiita.com/konweb/items/621722f67fdd8f86a017,Web
179,https://www.sbbit.jp/article/cont1/37677,Network
180,https://qiita.com/totzyuta/items/84d610f56129a186f0c5,Linux
181,https://eng-entrance.com/linux-permission-basic,Linux
182,https://www.kagoya.jp/howto/network/fqdn/,Network
183,https://chimolog.co/bto-cpu-process/,Linux
184,https://xtech.nikkei.com/atcl/nxt/column/18/01326/060400001/,Web
185,https://karur4n.hatenablog.com/entry/read-webtechbook,Web
186,https://qiita.com/Naggi-Goishi/items/2c49ea50602ea80bf015,Linux
187,https://wa3.i-3-i.info/word1791.html,Web
188,https://digitalidentity.co.jp/blog/creative/what-is-cookie.html,Web
189,https://qiita.com/hththt/items/07136ad74127999df271,Web
190,https://qiita.com/shisama/items/5f4c4fa768642aad9e06,Linux
191,https://jpazamu.com/merge_sort/,プログラミング
192,https://wa3.i-3-i.info/word164.html,Web
193,https://aws.amazon.com/jp/aws-ten-reasons/,Web
194,https://qiita.com/angel_p_57/items/1faafa275525469788b4,Linux
195,"https://engineer-club.jp/sier#:~:text=SIer%E3%81%A8%E3%81%AF%E3%82%B7%E3%82%B9%E3%83%86%E3%83%A0%E3%82%A4%E3%83%B3%E3%83%86%E3%82%B0%E3%83%AC%E3%83%BC%E3%82%BF%E3%83%BC,%E5%BC%95%E3%81%8D%E5%8F%97%E3%81%91%E3%82%8B%E4%BC%81%E6%A5%AD%E3%81%AE%E3%81%93%E3%81%A8%E3%81%A7%E3%81%99%E3%80%82",Web
196,https://type.jp/et/feature/14654/,Web
197,https://qiita.com/Higemal/items/6de23765797e18c428d7,Network
198,https://wa3.i-3-i.info/word11979.html,Network
199,https://little-hands.hatenablog.com/entry/2018/12/17/what_is_ddd,プログラミング
200,https://freelance-start.com/articles/69,プログラミング
201,https://www.atmarkit.co.jp/ait/articles/1708/31/news017.html,Linux
202,https://wa3.i-3-i.info/word13649.html,Linux
203,http://lab.astamuse.co.jp/entry/2018/03/15/114500,Linux
204,https://doupa.jp/info/970/,Web
205,https://qiita.com/naka_kyon/items/88478be20b300e757fc0,Network
206,https://www.infraexpert.com/study/tcpip2.html,Network
207,https://qiita.com/leomaro7/items/d6907d0a2aee890fe52b,Network
208,https://proengineer.internous.co.jp/content/columnfeature/15251,Web
209,https://qiita.com/purun/items/c7aca300b970344214cf,プログラミング
210,https://jpazamu.com/encapsulation/,プログラミング
211,https://digitalidentity.co.jp/blog/seo/about-404-not-found.html,Web
212,https://blog.hubspot.jp/http-403-forbidden,Web
213,https://wa3.i-3-i.info/word1492.html,Web
214,https://qiita.com/unsoluble_sugar/items/b080a16701946fcfce70,Web
215,https://qiita.com/Nossa/items/b6e2f4ed0fa079359fc5,プログラミング
216,https://qiita.com/choco_p/items/1bd1b106daee1fbd4449,Web
217,https://eng-entrance.com/linux-debian-ubuntu,Linux
218,https://qiita.com/pe-ta/items/aff8db72530c6baa11b2,Network
219,https://qiita.com/Kodaira_/items/feadfef9add468e3a85b,プログラミング
220,https://userweb.mnet.ne.jp/nakama/,Linux
221,https://qiita.com/t_nakayama0714/items/0ff7644666f0122cfba1,Web
222,https://eng-entrance.com/linux-process,Linux
223,https://qiita.com/Pana/items/70cc74cd20c8b5b4fe15,Linux
224,https://aws.amazon.com/jp/builders-flash/202003/awsgeek-serverless/?awsf.filter-name=*all,Web
225,https://wa3.i-3-i.info/word11000.html,Linux
226,"https://monoist.atmarkit.co.jp/mn/articles/2101/14/news007.html#:~:text=%E6%AC%A1%E3%81%AB%E3%80%81%E3%83%97%E3%83%AD%E3%82%B0%E3%83%A9%E3%83%9F%E3%83%B3%E3%82%B0%E8%A8%80%E8%AA%9E%E5%88%A5,%E5%86%86%EF%BC%89%E3%81%A8%E3%81%AA%E3%81%A3%E3%81%A6%E3%81%84%E3%82%8B%E3%80%82",プログラミング
227,https://qiita.com/Yametaro/items/9b65a21940e001554719,Web
228,https://backlog.com/ja/blog/what-is-agile-and-waterfall/,プログラミング
229,http://nigohiroki.hatenablog.com/entry/2013/08/18/221434,Web
230,https://www.suzukikenichi.com/blog/google-chrome-may-use-https-as-default-protocol/,Network
231,https://www.techscore.com/blog/2016/10/05/%e9%96%8b%e7%99%ba%e6%96%b0%e5%8d%92%e3%81%ab%e6%8d%a7%e3%81%90%e3%80%81%e3%83%87%e3%83%bc%e3%82%bf%e6%a7%8b%e9%80%a0%e3%81%ae%e5%9f%ba%e6%9c%ac%e3%81%a8%e7%89%b9%e5%be%b4/,プログラミング
232,http://sevendays-study.com/algorithm/day1.html,プログラミング
233,http://sevendays-study.com/algorithm/day2.html,プログラミング
234,https://qiita.com/akym03/items/aadef9638f78e222de22,Linux
235,http://sevendays-study.com/algorithm/day3.html,プログラミング
236,http://sevendays-study.com/algorithm/day4.html,プログラミング
237,https://www.internetacademy.jp/it/programming/javascript/how-to-use-web-api.html,Web
238,https://www.python.jp/pages/about.html,プログラミング
239,https://programmer-se.net/faq/math.html,プログラミング
240,http://www.suri-joshi.jp/world/program/,プログラミング
241,https://qiita.com/tutinoco/items/6952b01e5fc38914ec4e,プログラミング
242,https://wa3.i-3-i.info/word13307.html,Web
243,https://qiita.com/ty21ky/items/e5ce2fd04c2ef07955a1,プログラミング
244,https://qiita.com/angel_p_57/items/2e3f3f8661de32a0d432,Network
245,https://qiita.com/mtakehara21/items/efcbbc3ba58a62c10eb6,Web
246,https://it-mint.com/2019/08/11/recommended-books-of-math-for-game-programming-1740.html,プログラミング
247,https://eng-entrance.com/linux-make-filesystem,Linux
248,"https://e-words.jp/w/%E3%82%AA%E3%83%96%E3%82%B8%E3%82%A7%E3%82%AF%E3%83%88%E6%8C%87%E5%90%91%E8%A8%80%E8%AA%9E.html#:~:text=%E3%82%AA%E3%83%96%E3%82%B8%E3%82%A7%E3%82%AF%E3%83%88%E6%8C%87%E5%90%91%E8%A8%80%E8%AA%9E%E3%81%A8%E3%81%AF,%E6%89%B1%E3%81%86%E3%81%93%E3%81%A8%E3%81%8C%E3%81%A7%E3%81%8D%E3%82%8B%E3%82%82%E3%81%AE%E3%80%82",プログラミング
249,https://e-words.jp/w/%E3%82%AF%E3%83%A9%E3%82%B9.html,プログラミング
250,https://wa3.i-3-i.info/word13188.html,Linux
251,https://qiita.com/kaitolucifer/items/926ed9bc08426ad8e835,プログラミング
252,https://qiita.com/jnchito/items/198a2561a36c2c2ef5e3,Web
253,https://e-words.jp/w/%E3%83%97%E3%83%AD%E3%83%88%E3%82%BF%E3%82%A4%E3%83%97.html,プログラミング
254,https://docs.pyq.jp/python/library/class.html,プログラミング
255,https://qiita.com/hirohiro77/items/771ffb64dddceabf69a3,Linux
256,https://qiita.com/wnoguchi/items/cb0fa7c11b119e96f1e5,Linux
257,https://qiita.com/masato44gm/items/dffb8281536ad321fb08,プログラミング
258,https://qiita.com/Morinikiz/items/c2af4ffa180856d1bf30,プログラミング
259,https://qiita.com/otaka/items/79e18883db4679e41c6e,Linux
260,https://qiita.com/markusveeyola/items/878cfa5c3c7982ceb54d,プログラミング
261,https://www.webprofessional.jp/rest-2-0-graphql/,プログラミング
262,https://qiita.com/__snow_rabbit__/items/e7c1fcb73877e5428213,Web
263,https://qiita.com/nnahito/items/565f8755e70c51532459,Web
264,https://qiita.com/TakumaKurosawa/items/79a75026327d8deb9c04,Web
265,http://mickindex.sakura.ne.jp/database/db_optimize.html,Web
266,https://qiita.com/hirokidaichi/items/591ad96ab12938878fe1,プログラミング
267,https://ja.wikipedia.org/wiki/%E3%83%87%E3%82%B6%E3%82%A4%E3%83%B3%E3%83%91%E3%82%BF%E3%83%BC%E3%83%B3_(%E3%82%BD%E3%83%95%E3%83%88%E3%82%A6%E3%82%A7%E3%82%A2),プログラミング
268,https://qiita.com/wanko5296/items/29e74cc7dd7562624d08,プログラミング
269,https://programming-study.com/technology/python-use-lambda-ceremony/,プログラミング
270,https://qiita.com/Saku731/items/741fcf0f40dd989ee4f8,Web
271,http://nippondanji.blogspot.com/,Web
272,https://qiita.com/aki202/items/b279fa8097dde82e2730,プログラミング
273,https://note.com/aoharu_concept/n/n3897fa62504a,プログラミング
274,"https://qiita.com/stkdev/items/5c021d4e5d54d56b927c#:~:text=%E7%B5%90%E5%B1%80%E3%80%81%E9%96%A2%E6%95%B0%E5%9E%8B%E8%A8%80%E8%AA%9E%E3%82%92,%E3%82%92%E8%A6%8B%E3%81%A6%E3%81%84%E3%81%8D%E3%81%BE%E3%81%99%E3%80%82",プログラミング
275,https://qiita.com/att55/items/2154a8aad8bf1409db2b,Web
276,https://postd.cc/an-introduction-to-functional-programming/,プログラミング
277,https://sys-guard.com/post-2896/,Linux
278,https://www.sakurasaku-labo.jp/blogs/developer-tools,Web
279,https://qiita.com/t_nakayama0714/items/0ff7644666f0122cfba1,Web
280,http://kimh.github.io/blog/jp/security/understanding-pfs-jp/,Network
281,https://qiita.com/thimi0412/items/a4234145c1a98459fe6d,Web
282,https://qiita.com/hiroyky/items/8d55baaeb4a86f86529a,Web
283,https://qiita.com/angel_p_57/items/897bf94160be8d637585,Network
284,https://github.com/GoogleCloudPlatform/microservices-demo,Web
285,https://qiita.com/kinchiki/items/57e9391128d07819c321,Linux
286,https://qiita.com/kz_12/items/bc79102247b86626fc72,Web
287,https://qiita.com/kanye__east/items/9b419aac982c5323c429,Web
288,https://gist.github.com/mpppk/609d592f25cab9312654b39f1b357c60,Web
289,https://aws.amazon.com/jp/builders-flash/202003/awsgeek-serverless/,Web
290,https://qiita.com/angel_p_57/items/480e3fd4552e52199835,Linux
291,https://qiita.com/MoriokaReimen/items/5c4256ef620499a88bb3,Linux
292,https://qiita.com/_rdtr/items/d3bc1a8d4b7eb375c368,プログラミング
293,http://kimh.github.io/blog/jp/security/understanding-pfs-jp/,Network
294,https://qiita.com/ktnyt/items/85d329df57a9d9b823bf,プログラミング
295,https://qiita.com/masato44gm/items/dffb8281536ad321fb08,Web
296,"https://qiita.com/masato44gm/items/dffb8281536ad321fb08#:~:text=RESTful%20API(REST%20API)%E3%81%A8,%E3%81%AB%E5%BE%93%E3%81%A3%E3%81%A6%E7%AD%96%E5%AE%9A%E3%81%95%E3%82%8C%E3%81%9F%E3%82%82%E3%81%AE%E3%80%82",Web
297,https://knowledge.sakura.ad.jp/13265/,Web
298,https://zenn.dev/infamous_goto/articles/checklistforfullstack,Web
299,https://qiita.com/oohira/items/63b5ccb2bf1a913659d6,Web
300,https://aws.amazon.com/jp/microservices/,Web